,count,mean,median,std,min,max,q25,q75,skewness,kurtosis
Amount,4.0,355.25,168.0,388.6261056594114,147.0,938.0,162.75,360.5,1.9960843123304983,3.9872635132594745
Boxes Shipped,4.0,141.25,114.0,132.9294925891166,16.0,321.0,58.0,197.25,0.9973425333468939,0.5179993386053265
