{"numeric_stats": {"\u041f\u0440\u043e\u0434\u0430\u0436\u0438": {"count": 100.0, "mean": 538.4, "std": 264.3682387439264, "min": 101.0, "25%": 311.75, "50%": 531.0, "75%": 767.5, "max": 997.0}, "\u0420\u0430\u0441\u0445\u043e\u0434\u044b": {"count": 100.0, "mean": 258.58, "std": 126.56704056576402, "min": 54.0, "25%": 142.5, "50%": 264.5, "75%": 356.5, "max": 498.0}, "\u041f\u0440\u0438\u0431\u044b\u043b\u044c": {"count": 100.0, "mean": 279.82, "std": 294.0229627533581, "min": -334.0, "25%": 36.5, "50%": 255.5, "75%": 497.75, "max": 933.0}}, "row_count": 100, "column_count": 6, "missing_values": {"\u0414\u0430\u0442\u0430": 0, "\u041f\u0440\u043e\u0434\u0430\u0436\u0438": 0, "\u0420\u0430\u0441\u0445\u043e\u0434\u044b": 0, "\u041a\u0430\u0442\u0435\u0433\u043e\u0440\u0438\u044f": 0, "\u0420\u0435\u0433\u0438\u043e\u043d": 0, "\u041f\u0440\u0438\u0431\u044b\u043b\u044c": 0}}