,Amount,Boxes Shipped,Cost,Profit
Amount,1.0,0.01361315450673026,0.9579184602126236,0.8469134058173332
Boxes Shipped,0.01361315450673026,1.0,0.01610067669307006,0.005859924176965935
Cost,0.9579184602126236,0.01610067669307006,1.0,0.658645723515888
Profit,0.8469134058173332,0.005859924176965935,0.658645723515888,1.0
