,Amount,Boxes Shipped
Amount,1.0,-0.0013012610115232816
Boxes Shipped,-0.0013012610115232816,1.0
