,count,mean,median,std,min,max,q25,q75,skewness,kurtosis
Amount,3000.0,5011.790913333333,4966.125,2853.516324501444,103.83,9999.39,2575.5125000000003,7517.3550000000005,-0.0029332478979111733,-1.1984584429048235
Boxes Shipped,3000.0,100.83866666666667,102.0,56.776783746643254,1.0,200.0,52.0,149.0,-0.005340582652919045,-1.1599431455547993
Cost,3000.0,3389.76881,3306.085,2016.4744245587933,62.0,8423.05,1705.84,4953.610000000001,0.20641839058180825,-0.9163992862227226
Profit,3000.0,1622.0221033333335,1443.625,1088.5389726240626,19.3,4869.28,735.6075000000001,2345.585,0.6058195558778693,-0.39013165926330684
