,count,mean,median,std,min,max,q25,q75,skewness,kurtosis
Amount,2000.0,2514.8604050000004,2431.16,1448.2199170690492,100.06,4991.31,1248.83,3806.4725,0.05754262023031805,-1.2411889644703136
