target,feature,r_squared,slope,intercept
Amount,Boxes Shipped,1.6932802201496955e-06,-0.06484248215451266,2518.179724082731
Boxes Shipped,Amount,1.6932802200386732e-06,-2.6113747713661673e-05,51.256172430151246
